[
  {
    "id": "889cd4c1-bb08-468d-8c21-9d28e133177e",
    "source": "wrangler",
    "strategy": "percentage",
    "author_email": "anchorskov@gmail.com",
    "annotations": {
      "workers/triggered_by": "deployment"
    },
    "versions": [
      {
        "version_id": "f64b68bf-a839-4864-a7c8-18686f2344c0",
        "percentage": 100
      }
    ],
    "created_on": "2025-10-11T12:56:15.602548Z"
  },
  {
    "id": "593f04aa-da95-4d00-9c23-5cf02f43253c",
    "source": "wrangler",
    "strategy": "percentage",
    "author_email": "anchorskov@gmail.com",
    "annotations": {
      "workers/triggered_by": "deployment"
    },
    "versions": [
      {
        "version_id": "405d910d-538c-425b-991c-01a008b4121a",
        "percentage": 100
      }
    ],
    "created_on": "2025-10-11T13:15:54.67602Z"
  },
  {
    "id": "4083a7ab-7146-421b-b584-ead2685c25ab",
    "source": "wrangler",
    "strategy": "percentage",
    "author_email": "anchorskov@gmail.com",
    "annotations": {
      "workers/triggered_by": "deployment"
    },
    "versions": [
      {
        "version_id": "56a8acb9-f7e2-41ba-aca2-f7994c3500b2",
        "percentage": 100
      }
    ],
    "created_on": "2025-10-11T13:18:29.948873Z"
  },
  {
    "id": "2a420338-f2db-4cd5-9ff9-7e26c66d2e72",
    "source": "wrangler",
    "strategy": "percentage",
    "author_email": "anchorskov@gmail.com",
    "annotations": {
      "workers/triggered_by": "deployment"
    },
    "versions": [
      {
        "version_id": "e549cab3-2f4a-48e0-8502-f03b3b934a78",
        "percentage": 100
      }
    ],
    "created_on": "2025-10-11T13:27:37.904114Z"
  },
  {
    "id": "6a1c3b12-7d4f-42f8-a4e3-1e9f5ce00076",
    "source": "wrangler",
    "strategy": "percentage",
    "author_email": "anchorskov@gmail.com",
    "annotations": {
      "workers/triggered_by": "deployment"
    },
    "versions": [
      {
        "version_id": "1ce4cf4c-a3be-429e-b288-12816dbc6a7c",
        "percentage": 100
      }
    ],
    "created_on": "2025-10-11T13:32:24.615025Z"
  },
  {
    "id": "64075215-ba60-433c-8b34-5a342a4fdfba",
    "source": "wrangler",
    "strategy": "percentage",
    "author_email": "anchorskov@gmail.com",
    "annotations": {
      "workers/triggered_by": "deployment"
    },
    "versions": [
      {
        "version_id": "78dcc448-587c-4c81-b15e-cea26407de33",
        "percentage": 100
      }
    ],
    "created_on": "2025-10-11T13:36:10.554231Z"
  },
  {
    "id": "148a1c30-b90d-4df3-adbe-d499b9163d6c",
    "source": "wrangler",
    "strategy": "percentage",
    "author_email": "anchorskov@gmail.com",
    "annotations": {
      "workers/triggered_by": "deployment"
    },
    "versions": [
      {
        "version_id": "a2420ad6-de40-4900-b0a4-1c200438da81",
        "percentage": 100
      }
    ],
    "created_on": "2025-10-11T14:08:45.950206Z"
  },
  {
    "id": "3ac075f0-d2cc-47cd-8421-be66304e7db1",
    "source": "wrangler",
    "strategy": "percentage",
    "author_email": "anchorskov@gmail.com",
    "annotations": {
      "workers/triggered_by": "deployment"
    },
    "versions": [
      {
        "version_id": "b5b1a58a-3f44-403d-8c40-366faab3b78c",
        "percentage": 100
      }
    ],
    "created_on": "2025-10-11T18:41:38.473011Z"
  },
  {
    "id": "7fed9a98-4fa0-4436-a8ca-c5037a02a3fc",
    "source": "wrangler",
    "strategy": "percentage",
    "author_email": "anchorskov@gmail.com",
    "annotations": {
      "workers/triggered_by": "deployment"
    },
    "versions": [
      {
        "version_id": "2fdb92d3-4856-479a-879f-131849d260de",
        "percentage": 100
      }
    ],
    "created_on": "2025-10-11T19:57:02.103295Z"
  },
  {
    "id": "35e14d29-dc30-4009-8407-7b9dda390f15",
    "source": "wrangler",
    "strategy": "percentage",
    "author_email": "anchorskov@gmail.com",
    "annotations": {
      "workers/triggered_by": "deployment"
    },
    "versions": [
      {
        "version_id": "5cc9c306-3a1d-4fcd-b3c0-ff8f4027d3f4",
        "percentage": 100
      }
    ],
    "created_on": "2025-10-11T21:16:04.218986Z"
  }
]
